Time;Type;CurrentPose;TargetPose;Result;Gripped
Wed Oct 24 16:00:52 2018;grasp_pose;(0.581322190337,-0.195351802144,0.307818488739)/(-0.00037385556918,0.00178484491916,0.708740563627,0.705466858208);(0.656557828188,0.0653709992766,0.3169915007)/(0.0,0.0,0.707106781187,0.707106781187);failure;Default
Wed Oct 24 16:01:41 2018;grasp_pose;(0.150919498599,-0.120469547097,0.21259787286)/(0.000353548912767,0.00229907035114,-0.00184247248908,0.999995597277);(0.225826919079,0.13958978653,0.262880868614)/(0.0,0.0,0.0,1.0);success;Default
