x,y,z,dim_x,dim_y,dim_z
0.279637826915,0.0682853768886,0.0802103759801,0.06,0.06,0.06