Time;Type;CurrentPose;TargetPose;Result;Gripped
Wed Oct 24 16:23:24 2018;grasp_pose;(0.411872701973,0.00314306458013,0.173981642305)/(-0.000119437019597,0.00330404277112,-0.000543685426391,0.999994386705);(0.487485557795,0.263333499432,0.225)/(0.0,0.0,0.0,1.0);success;Default
