Time;Type;CurrentPose;TargetPose;Result
Mon Oct  1 10:03:27 2018;grasp_pose;(0.539153537559,-0.141869135019,0.171577205454)/(0.00279213528342,0.00513276112379,-0.00155649562369,0.999981717865);(0.615291595459,0.117630958557,0.225)/(0.0,0.0,0.0,1.0);success
Mon Oct  1 10:03:29 2018;post_grasp;(0.539341155981,-0.141773909101,0.301700890679)/(0.00236307854194,0.00292452980149,-0.000194450820172,0.999992912562);(0.0,0.0,0.0)/(0.0,0.0,0.0,0.0);success
Mon Oct  1 10:03:35 2018;drop_pose;(0.36815975033,0.29917075667,0.211624840308)/(-0.00353906235225,0.00373600080968,0.00495577918112,0.999974478468);(0.443576276302,0.558715701103,0.265)/(0.0,0.0,0.0,1.0);success
